{"cameraMode":{"drawMode":0,"name":"Shaded","section":"Shading Mode"},"sceneLighting":true,"audioPlay":false,"sceneViewState":{"showFog":true,"showMaterialUpdate":false,"showSkybox":true,"showFlares":true,"showImageEffects":true,"showParticleSystems":true},"in2DMode":false,"pivot":{"x":497.1592712402344,"y":369.4115905761719,"z":-0.13323974609375},"rotation":{"x":-0.013498087413609028,"y":-0.014998065307736397,"z":0.00020250771194696426,"w":-0.9997963905334473},"size":904.6103515625,"orthographic":false}