{"cameraMode":{"drawMode":0,"name":"Shaded","section":"Shading Mode"},"sceneLighting":true,"audioPlay":false,"sceneViewState":{"showFog":true,"showMaterialUpdate":false,"showSkybox":true,"showFlares":true,"showImageEffects":true,"showParticleSystems":true},"in2DMode":false,"pivot":{"x":9.213398933410645,"y":-2.3132262229919435,"z":-23.200782775878908},"rotation":{"x":0.028233395889401437,"y":0.9678786993026733,"z":-0.12703168392181397,"w":0.2151203453540802},"size":21.07526969909668,"orthographic":false}