{"cameraMode":{"drawMode":0,"name":"Shaded","section":"Shading Mode"},"sceneLighting":true,"audioPlay":false,"sceneViewState":{"showFog":true,"showMaterialUpdate":false,"showSkybox":true,"showFlares":true,"showImageEffects":true,"showParticleSystems":true},"in2DMode":false,"pivot":{"x":19.916685104370118,"y":2.031208038330078,"z":-42.37297821044922},"rotation":{"x":0.0006021886947564781,"y":0.9796220660209656,"z":-0.0029404552187770607,"w":0.2008274644613266},"size":36.94723892211914,"orthographic":false}