{"cameraMode":{"drawMode":0,"name":"Shaded","section":"Shading Mode"},"sceneLighting":true,"audioPlay":false,"sceneViewState":{"showFog":true,"showMaterialUpdate":false,"showSkybox":true,"showFlares":true,"showImageEffects":true,"showParticleSystems":true},"in2DMode":false,"pivot":{"x":-0.7661110162734985,"y":-17.46792221069336,"z":13.197996139526368},"rotation":{"x":0.44115275144577029,"y":0.044922005385160449,"z":-0.022117549553513528,"w":0.8960341215133667},"size":26.24077606201172,"orthographic":false}