{"cameraMode":{"drawMode":0,"name":"Shaded","section":"Shading Mode"},"sceneLighting":true,"audioPlay":false,"sceneViewState":{"showFog":true,"showMaterialUpdate":false,"showSkybox":true,"showFlares":true,"showImageEffects":true,"showParticleSystems":true},"in2DMode":false,"pivot":{"x":-12.775872230529786,"y":-1.9748446941375733,"z":0.9845690727233887},"rotation":{"x":0.11547208577394486,"y":-0.5387601852416992,"z":0.07485319674015045,"w":0.8311442136764526},"size":17.1331787109375,"orthographic":false}