{"cameraMode":{"drawMode":0,"name":"Shaded","section":"Shading Mode"},"sceneLighting":true,"audioPlay":false,"sceneViewState":{"showFog":true,"showMaterialUpdate":false,"showSkybox":true,"showFlares":true,"showImageEffects":true,"showParticleSystems":true},"in2DMode":false,"pivot":{"x":0.2779022455215454,"y":1.1280301809310914,"z":-6.212063789367676},"rotation":{"x":0.03538501262664795,"y":-0.9496216773986816,"z":0.11633817106485367,"w":0.2888462543487549},"size":3.5346765518188478,"orthographic":false}