{"cameraMode":{"drawMode":0,"name":"Shaded","section":"Shading Mode"},"sceneLighting":true,"audioPlay":false,"sceneViewState":{"showFog":true,"showMaterialUpdate":false,"showSkybox":true,"showFlares":true,"showImageEffects":true,"showParticleSystems":true},"in2DMode":false,"pivot":{"x":18.46393585205078,"y":-2.975044012069702,"z":-2.716434955596924},"rotation":{"x":-0.08466849476099014,"y":-0.6361017227172852,"z":0.07052181661128998,"w":-0.7636966705322266},"size":26.202768325805665,"orthographic":false}