{"cameraMode":{"drawMode":0,"name":"Shaded","section":"Shading Mode"},"sceneLighting":true,"audioPlay":false,"sceneViewState":{"showFog":true,"showMaterialUpdate":false,"showSkybox":true,"showFlares":true,"showImageEffects":true,"showParticleSystems":true},"in2DMode":false,"pivot":{"x":-5.265390396118164,"y":4.735567092895508,"z":-17.893524169921876},"rotation":{"x":0.10977784544229508,"y":0.1361057162284851,"z":-0.015174785628914833,"w":0.9844764471054077},"size":-11.163512229919434,"orthographic":false}