{"cameraMode":{"drawMode":0,"name":"Shaded","section":"Shading Mode"},"sceneLighting":true,"audioPlay":false,"sceneViewState":{"showFog":true,"showMaterialUpdate":false,"showSkybox":true,"showFlares":true,"showImageEffects":true,"showParticleSystems":true},"in2DMode":false,"pivot":{"x":-2.2250258922576906,"y":2.7194128036499025,"z":-1.861452579498291},"rotation":{"x":0.14236211776733399,"y":0.3910965621471405,"z":-0.06135733425617218,"w":0.907200038433075},"size":2.5975615978240969,"orthographic":false}