{"cameraMode":{"drawMode":0,"name":"Shaded","section":"Shading Mode"},"sceneLighting":true,"audioPlay":false,"sceneViewState":{"showFog":true,"showMaterialUpdate":false,"showSkybox":true,"showFlares":true,"showImageEffects":true,"showParticleSystems":true},"in2DMode":false,"pivot":{"x":3.689772844314575,"y":-1.6083528995513917,"z":3.4217324256896974},"rotation":{"x":0.1847691833972931,"y":0.45522341132164,"z":-0.09717682749032974,"w":0.8655568957328796},"size":8.602997779846192,"orthographic":false}