{"cameraMode":{"drawMode":0,"name":"Shaded","section":"Shading Mode"},"sceneLighting":true,"audioPlay":false,"sceneViewState":{"showFog":true,"showMaterialUpdate":false,"showSkybox":true,"showFlares":true,"showImageEffects":true,"showParticleSystems":true},"in2DMode":false,"pivot":{"x":5.184786796569824,"y":0.14468812942504884,"z":-1.2331483364105225},"rotation":{"x":0.115721195936203,"y":0.6810494661331177,"z":-0.11028923839330673,"w":0.71457439661026},"size":11.385744094848633,"orthographic":false}