{"cameraMode":{"drawMode":0,"name":"Shaded","section":"Shading Mode"},"sceneLighting":true,"audioPlay":false,"sceneViewState":{"showFog":true,"showMaterialUpdate":false,"showSkybox":true,"showFlares":true,"showImageEffects":true,"showParticleSystems":true},"in2DMode":false,"pivot":{"x":9.850379943847657,"y":1.8448028564453126,"z":-15.627922058105469},"rotation":{"x":-0.00012483313912525773,"y":-0.9995046854019165,"z":0.003547088708728552,"w":-0.031272001564502719},"size":2.5975615978240969,"orthographic":false}