{"cameraMode":{"drawMode":0,"name":"Shaded","section":"Shading Mode"},"sceneLighting":true,"audioPlay":false,"sceneViewState":{"showFog":true,"showMaterialUpdate":false,"showSkybox":true,"showFlares":true,"showImageEffects":true,"showParticleSystems":true},"in2DMode":false,"pivot":{"x":-17.76874351501465,"y":0.49418652057647707,"z":0.28458333015441897},"rotation":{"x":-0.04831806570291519,"y":0.6029950380325317,"z":-0.03663010522723198,"w":-0.7954373955726624},"size":14.83579158782959,"orthographic":false}