{"cameraMode":{"drawMode":0,"name":"Shaded","section":"Shading Mode"},"sceneLighting":true,"audioPlay":false,"sceneViewState":{"showFog":true,"showMaterialUpdate":false,"showSkybox":true,"showFlares":true,"showImageEffects":true,"showParticleSystems":true},"in2DMode":false,"pivot":{"x":1.0287754535675049,"y":0.22864186763763429,"z":-6.290771484375},"rotation":{"x":-0.057602617889642718,"y":-0.9230384230613709,"z":0.1525937020778656,"w":-0.34842103719711306},"size":10.596410751342774,"orthographic":false}