{"cameraMode":{"drawMode":0,"name":"Shaded","section":"Shading Mode"},"sceneLighting":true,"audioPlay":false,"sceneViewState":{"showFog":true,"showMaterialUpdate":false,"showSkybox":true,"showFlares":true,"showImageEffects":true,"showParticleSystems":true},"in2DMode":false,"pivot":{"x":4.763497352600098,"y":1.0726487636566163,"z":1.9551475048065186},"rotation":{"x":-0.06580977886915207,"y":-0.4213572144508362,"z":0.030673079192638398,"w":-0.9039836525917053},"size":2.671398878097534,"orthographic":false}