{"cameraMode":{"drawMode":0,"name":"Shaded","section":"Shading Mode"},"sceneLighting":true,"audioPlay":false,"sceneViewState":{"showFog":true,"showMaterialUpdate":false,"showSkybox":true,"showFlares":true,"showImageEffects":true,"showParticleSystems":true},"in2DMode":false,"pivot":{"x":-45.86191940307617,"y":-5.9098100662231449,"z":13.076728820800782},"rotation":{"x":0.05900519713759422,"y":-0.560960590839386,"z":0.04013391211628914,"w":0.8247610926628113},"size":51.76327133178711,"orthographic":false}