{"cameraMode":{"drawMode":0,"name":"Shaded","section":"Shading Mode"},"sceneLighting":true,"audioPlay":false,"sceneViewState":{"showFog":true,"showMaterialUpdate":false,"showSkybox":true,"showFlares":true,"showImageEffects":true,"showParticleSystems":true},"in2DMode":false,"pivot":{"x":19.69111442565918,"y":0.08148312568664551,"z":13.219661712646485},"rotation":{"x":0.05384913831949234,"y":0.40392863750457766,"z":-0.023822082206606866,"w":0.9128934741020203},"size":22.0,"orthographic":false}