{"cameraMode":{"drawMode":0,"name":"Shaded","section":"Shading Mode"},"sceneLighting":true,"audioPlay":false,"sceneViewState":{"showFog":true,"showMaterialUpdate":false,"showSkybox":true,"showFlares":true,"showImageEffects":true,"showParticleSystems":true},"in2DMode":false,"pivot":{"x":-4.6924967765808109,"y":-5.821285247802734,"z":25.301319122314454},"rotation":{"x":-0.1437479853630066,"y":0.029687004163861276,"z":-0.0043144794180989269,"w":-0.9891595840454102},"size":31.12978172302246,"orthographic":false}