{"cameraMode":{"drawMode":0,"name":"Shaded","section":"Shading Mode"},"sceneLighting":true,"audioPlay":false,"sceneViewState":{"showFog":true,"showMaterialUpdate":false,"showSkybox":true,"showFlares":true,"showImageEffects":true,"showParticleSystems":true},"in2DMode":false,"pivot":{"x":9.644549369812012,"y":0.49754929542541506,"z":2.13757061958313},"rotation":{"x":0.09607863426208496,"y":0.44633948802948,"z":-0.04826933890581131,"w":0.8883805871009827},"size":7.212225914001465,"orthographic":false}