{"cameraMode":{"drawMode":0,"name":"Shaded","section":"Shading Mode"},"sceneLighting":true,"audioPlay":false,"sceneViewState":{"showFog":true,"showMaterialUpdate":false,"showSkybox":true,"showFlares":true,"showImageEffects":true,"showParticleSystems":true},"in2DMode":false,"pivot":{"x":383.855224609375,"y":252.26947021484376,"z":314.16717529296877},"rotation":{"x":0.03756777197122574,"y":0.39459148049354555,"z":-0.01614738069474697,"w":0.9179463386535645},"size":970.3939819335938,"orthographic":false}