{"cameraMode":{"drawMode":0,"name":"Shaded","section":"Shading Mode"},"sceneLighting":true,"audioPlay":false,"sceneViewState":{"showFog":true,"showMaterialUpdate":false,"showSkybox":true,"showFlares":true,"showImageEffects":true,"showParticleSystems":true},"in2DMode":false,"pivot":{"x":24.68260955810547,"y":3.1411144733428957,"z":2.5610122680664064},"rotation":{"x":0.001283426652662456,"y":-0.4301535487174988,"z":-0.0006127689266577363,"w":-0.9027546644210815},"size":37.302490234375,"orthographic":false}