{"cameraMode":{"drawMode":0,"name":"Shaded","section":"Shading Mode"},"sceneLighting":true,"audioPlay":false,"sceneViewState":{"showFog":true,"showMaterialUpdate":false,"showSkybox":true,"showFlares":true,"showImageEffects":true,"showParticleSystems":true},"in2DMode":false,"pivot":{"x":88.01953887939453,"y":-6.674272060394287,"z":34.94060134887695},"rotation":{"x":0.03101932629942894,"y":0.5420194268226624,"z":-0.020024245604872705,"w":0.8395546078681946},"size":104.884765625,"orthographic":false}