{"cameraMode":{"drawMode":0,"name":"Shaded","section":"Shading Mode"},"sceneLighting":true,"audioPlay":false,"sceneViewState":{"showFog":true,"showMaterialUpdate":false,"showSkybox":true,"showFlares":true,"showImageEffects":true,"showParticleSystems":true},"in2DMode":false,"pivot":{"x":7.970849514007568,"y":-1.0791492462158204,"z":-28.85891342163086},"rotation":{"x":-0.021500229835510255,"y":-0.9780339598655701,"z":0.13051168620586396,"w":-0.16110281646251679},"size":4.1163225173950199,"orthographic":false}