{"cameraMode":{"drawMode":0,"name":"Shaded","section":"Shading Mode"},"sceneLighting":false,"audioPlay":false,"sceneViewState":{"showFog":true,"showMaterialUpdate":false,"showSkybox":true,"showFlares":true,"showImageEffects":true,"showParticleSystems":true},"in2DMode":false,"pivot":{"x":1076.2918701171875,"y":51.07708740234375,"z":1230.8916015625},"rotation":{"x":0.11688793450593949,"y":0.27218887209892275,"z":-0.033328842371702197,"w":0.9545363783836365},"size":2655.17041015625,"orthographic":false}